[{"id":1,"first_name":"Nelia","last_name":"Argile","email":"nargile0@umich.edu"},
{"id":2,"first_name":"Bria","last_name":"Lambillion","email":"blambillion1@behance.net"},
{"id":3,"first_name":"Hubie","last_name":"Downes","email":"hdownes2@t.co"},
{"id":4,"first_name":"Willabella","last_name":"Mackriell","email":"wmackriell3@dyndns.org"},
{"id":5,"first_name":"Lucy","last_name":"Tarquinio","email":"ltarquinio4@fc2.com"},
{"id":6,"first_name":"Jule","last_name":"Nund","email":"jnund5@java.com"},
{"id":7,"first_name":"Joel","last_name":"Hinrichsen","email":"jhinrichsen6@noaa.gov"},
{"id":8,"first_name":"Pattin","last_name":"Zamorano","email":"pzamorano7@omniture.com"},
{"id":9,"first_name":"Hephzibah","last_name":"Krollmann","email":"hkrollmann8@si.edu"},
{"id":10,"first_name":"Nigel","last_name":"Petschelt","email":"npetschelt9@cornell.edu"}]